<?xml version="1.0" encoding="UTF-8"?>
<project-private xmlns="http://www.netbeans.org/ns/project-private/1">
    <editor-bookmarks xmlns="http://www.netbeans.org/ns/editor-bookmarks/2" lastBookmarkId="0"/>
    <open-files xmlns="http://www.netbeans.org/ns/projectui-open-files/2">
        <group>
            <file>file:/C:/Users/700044599/Downloads/Library/LibraryBookRecordSystem/web/editBook.jsp</file>
            <file>file:/C:/Users/700044599/Downloads/Library/LibraryBookRecordSystem/web/signup.jsp</file>
            <file>file:/C:/Users/700044599/Downloads/Library/LibraryBookRecordSystem/web/addBook.jsp</file>
            <file>file:/C:/Users/700044599/Downloads/Library/LibraryBookRecordSystem/web/signup_success.jsp</file>
            <file>file:/C:/Users/700044599/Downloads/Library/LibraryBookRecordSystem/web/WEB-INF/jspf/footer.jspf</file>
            <file>file:/C:/Users/700044599/Downloads/Library/LibraryBookRecordSystem/web/login.jsp</file>
            <file>file:/C:/Users/700044599/Downloads/Library/LibraryBookRecordSystem/web/books.jsp</file>
            <file>file:/C:/Users/700044599/Downloads/Library/LibraryBookRecordSystem/web/dashboard.jsp</file>
            <file>file:/C:/Users/700044599/Downloads/Library/LibraryBookRecordSystem/web/index.jsp</file>
        </group>
    </open-files>
</project-private>
